{"cameraMode":{"drawMode":0,"name":"Shaded","section":"Shading Mode"},"sceneLighting":false,"audioPlay":false,"sceneViewState":{"m_AlwaysRefresh":false,"showFog":true,"showSkybox":false,"showFlares":true,"showImageEffects":true,"showParticleSystems":true,"showVisualEffectGraphs":true,"m_FxEnabled":true},"in2DMode":false,"pivot":{"x":0.05632999911904335,"y":0.018252398818731309,"z":-0.023160001263022424},"rotation":{"x":-0.3540695309638977,"y":0.006897053215652704,"z":-0.0038326887879520656,"w":-0.9355641603469849},"size":0.014183268882334233,"orthographic":false}