{"cameraMode":{"drawMode":0,"name":"Shaded","section":"Shading Mode"},"sceneLighting":false,"audioPlay":false,"sceneViewState":{"m_AlwaysRefresh":false,"showFog":true,"showSkybox":false,"showFlares":true,"showImageEffects":true,"showParticleSystems":true,"showVisualEffectGraphs":true,"m_FxEnabled":true},"in2DMode":false,"pivot":{"x":0.0036752820014953615,"y":0.012524638324975968,"z":-0.02774915285408497},"rotation":{"x":-0.07197902351617813,"y":-0.8642861843109131,"z":-0.12558163702487946,"w":0.48248979449272158},"size":0.05606992542743683,"orthographic":false}