{"cameraMode":{"drawMode":0,"name":"Shaded","section":"Shading Mode"},"sceneLighting":false,"audioPlay":false,"sceneViewState":{"m_AlwaysRefresh":false,"showFog":true,"showSkybox":false,"showFlares":true,"showImageEffects":true,"showParticleSystems":true,"showVisualEffectGraphs":true,"m_FxEnabled":true},"in2DMode":false,"pivot":{"x":0.03158000111579895,"y":0.018252398818731309,"z":-0.023160001263022424},"rotation":{"x":0.24679450690746308,"y":0.2678030729293823,"z":-0.07144724577665329,"w":0.9287236928939819},"size":0.04864437133073807,"orthographic":false}